[
  {
    "id": "/subscriptions/c2397ac1-f8a2-4424-bb35-dc8c93c1a3c7/resourceGroups/Prashant-RG/providers/Microsoft.Resources/deployments/Microsoft.AutomationAccount/operations/4F937632F1FD1FFF",
    "operationId": "4F937632F1FD1FFF",
    "properties": {
      "provisioningOperation": "Create",
      "provisioningState": "Succeeded",
      "timestamp": "2020-07-31T07:51:50.6674865Z",
      "duration": "PT1.9791802S",
      "trackingId": "5833c084-c47d-412e-aa46-cee6c6563609",
      "statusCode": "Created",
      "targetResource": {
        "id": "/subscriptions/c2397ac1-f8a2-4424-bb35-dc8c93c1a3c7/resourceGroups/Prashant-RG/providers/Microsoft.Automation/automationAccounts/Prashant-AutomationAccount/runbooks/AzureAutomationTutorialScript",
        "resourceType": "Microsoft.Automation/automationAccounts/runbooks",
        "resourceName": "Prashant-AutomationAccount/AzureAutomationTutorialScript"
      }
    }
  },
  {
    "id": "/subscriptions/c2397ac1-f8a2-4424-bb35-dc8c93c1a3c7/resourceGroups/Prashant-RG/providers/Microsoft.Resources/deployments/Microsoft.AutomationAccount/operations/B7266C7B6BF4FB15",
    "operationId": "B7266C7B6BF4FB15",
    "properties": {
      "provisioningOperation": "Create",
      "provisioningState": "Succeeded",
      "timestamp": "2020-07-31T07:51:50.6206988Z",
      "duration": "PT1.9323925S",
      "trackingId": "1ca8ef7f-a686-468c-ba70-f1cb50a38845",
      "statusCode": "Created",
      "targetResource": {
        "id": "/subscriptions/c2397ac1-f8a2-4424-bb35-dc8c93c1a3c7/resourceGroups/Prashant-RG/providers/Microsoft.Automation/automationAccounts/Prashant-AutomationAccount/runbooks/AzureAutomationTutorialPython2",
        "resourceType": "Microsoft.Automation/automationAccounts/runbooks",
        "resourceName": "Prashant-AutomationAccount/AzureAutomationTutorialPython2"
      }
    }
  },
  {
    "id": "/subscriptions/c2397ac1-f8a2-4424-bb35-dc8c93c1a3c7/resourceGroups/Prashant-RG/providers/Microsoft.Resources/deployments/Microsoft.AutomationAccount/operations/008BF4C99ACEC33C",
    "operationId": "008BF4C99ACEC33C",
    "properties": {
      "provisioningOperation": "Create",
      "provisioningState": "Succeeded",
      "timestamp": "2020-07-31T07:51:49.5639874Z",
      "duration": "PT0.8756811S",
      "trackingId": "040b84c5-bf20-400f-8deb-67f0293e74dd",
      "statusCode": "Created",
      "targetResource": {
        "id": "/subscriptions/c2397ac1-f8a2-4424-bb35-dc8c93c1a3c7/resourceGroups/Prashant-RG/providers/Microsoft.Automation/automationAccounts/Prashant-AutomationAccount/runbooks/AzureAutomationTutorial",
        "resourceType": "Microsoft.Automation/automationAccounts/runbooks",
        "resourceName": "Prashant-AutomationAccount/AzureAutomationTutorial"
      }
    }
  },
  {
    "id": "/subscriptions/c2397ac1-f8a2-4424-bb35-dc8c93c1a3c7/resourceGroups/Prashant-RG/providers/Microsoft.Resources/deployments/Microsoft.AutomationAccount/operations/580E0F58D961F1BF",
    "operationId": "580E0F58D961F1BF",
    "properties": {
      "provisioningOperation": "Create",
      "provisioningState": "Succeeded",
      "timestamp": "2020-07-31T07:51:48.6426691Z",
      "duration": "PT2.9629235S",
      "trackingId": "7499aa84-4750-4619-9a5a-2a2a158dd83a",
      "statusCode": "Created",
      "targetResource": {
        "id": "/subscriptions/c2397ac1-f8a2-4424-bb35-dc8c93c1a3c7/resourceGroups/Prashant-RG/providers/Microsoft.Automation/automationAccounts/Prashant-AutomationAccount",
        "resourceType": "Microsoft.Automation/automationAccounts",
        "resourceName": "Prashant-AutomationAccount"
      }
    }
  },
  {
    "id": "/subscriptions/c2397ac1-f8a2-4424-bb35-dc8c93c1a3c7/resourceGroups/Prashant-RG/providers/Microsoft.Resources/deployments/Microsoft.AutomationAccount/operations/08586054249806192538",
    "operationId": "08586054249806192538",
    "properties": {
      "provisioningOperation": "EvaluateDeploymentOutput",
      "provisioningState": "Succeeded",
      "timestamp": "2020-07-31T07:51:50.7484084Z",
      "duration": "PT0.0592449S",
      "trackingId": "2ee07116-66dd-4c49-9152-29c9fc559957",
      "statusCode": "OK"
    }
  }
]