{
  "id": "/subscriptions/c2397ac1-f8a2-4424-bb35-dc8c93c1a3c7/resourceGroups/Prashant-RG/providers/Microsoft.Resources/deployments/Microsoft.AutomationAccount",
  "name": "Microsoft.AutomationAccount",
  "type": "Microsoft.Resources/deployments",
  "tags": {
    "primaryResourceId": "/subscriptions/c2397ac1-f8a2-4424-bb35-dc8c93c1a3c7/resourceGroups/Prashant-RG/providers/Microsoft.Automation/automationAccounts/Prashant-AutomationAccount",
    "marketplaceItemId": "Microsoft.AutomationAccount"
  },
  "properties": {
    "templateHash": "5138374320965475375",
    "parameters": {
      "accountName": {
        "type": "String",
        "value": "Prashant-AutomationAccount"
      },
      "location": {
        "type": "String",
        "value": "westus"
      },
      "sampleGraphicalRunbookName": {
        "type": "String",
        "value": "AzureAutomationTutorial"
      },
      "sampleGraphicalRunbookDescription": {
        "type": "String",
        "value": " An example runbook which gets all the ARM resources using the Run As Account (Service Principal)."
      },
      "sampleGraphicalRunbookContentUri": {
        "type": "String",
        "value": "https://eus2oaasibizamarketprod1.blob.core.windows.net/marketplace-runbooks/AzureAutomationTutorial.graphrunbook"
      },
      "samplePowerShellRunbookName": {
        "type": "String",
        "value": "AzureAutomationTutorialScript"
      },
      "samplePowerShellRunbookDescription": {
        "type": "String",
        "value": " An example runbook which gets all the ARM resources using the Run As Account (Service Principal)."
      },
      "samplePowerShellRunbookContentUri": {
        "type": "String",
        "value": "https://eus2oaasibizamarketprod1.blob.core.windows.net/marketplace-runbooks/AzureAutomationTutorial.ps1"
      },
      "samplePython2RunbookName": {
        "type": "String",
        "value": "AzureAutomationTutorialPython2"
      },
      "samplePython2RunbookDescription": {
        "type": "String",
        "value": " An example runbook which gets all the ARM resources using the Run As Account (Service Principal)."
      },
      "samplePython2RunbookContentUri": {
        "type": "String",
        "value": "https://eus2oaasibizamarketprod1.blob.core.windows.net/marketplace-runbooks/AzureAutomationTutorialPython2.py"
      }
    },
    "mode": "Incremental",
    "debugSetting": {
      "detailLevel": "None"
    },
    "provisioningState": "Succeeded",
    "timestamp": "2020-07-31T07:51:50.7692097Z",
    "duration": "PT5.9108098S",
    "correlationId": "e1d5d4af-189d-46d0-af6b-9f44469f7387",
    "providers": [
      {
        "namespace": "Microsoft.Automation",
        "resourceTypes": [
          {
            "resourceType": "automationAccounts",
            "locations": [
              "westus"
            ]
          },
          {
            "resourceType": "automationAccounts/runbooks",
            "locations": [
              "westus"
            ]
          }
        ]
      }
    ],
    "dependencies": [
      {
        "dependsOn": [
          {
            "id": "/subscriptions/c2397ac1-f8a2-4424-bb35-dc8c93c1a3c7/resourceGroups/Prashant-RG/providers/Microsoft.Automation/automationAccounts/Prashant-AutomationAccount",
            "resourceType": "Microsoft.Automation/automationAccounts",
            "resourceName": "Prashant-AutomationAccount"
          }
        ],
        "id": "/subscriptions/c2397ac1-f8a2-4424-bb35-dc8c93c1a3c7/resourceGroups/Prashant-RG/providers/Microsoft.Automation/automationAccounts/Prashant-AutomationAccount/runbooks/AzureAutomationTutorial",
        "resourceType": "Microsoft.Automation/automationAccounts/runbooks",
        "resourceName": "Prashant-AutomationAccount/AzureAutomationTutorial"
      },
      {
        "dependsOn": [
          {
            "id": "/subscriptions/c2397ac1-f8a2-4424-bb35-dc8c93c1a3c7/resourceGroups/Prashant-RG/providers/Microsoft.Automation/automationAccounts/Prashant-AutomationAccount",
            "resourceType": "Microsoft.Automation/automationAccounts",
            "resourceName": "Prashant-AutomationAccount"
          }
        ],
        "id": "/subscriptions/c2397ac1-f8a2-4424-bb35-dc8c93c1a3c7/resourceGroups/Prashant-RG/providers/Microsoft.Automation/automationAccounts/Prashant-AutomationAccount/runbooks/AzureAutomationTutorialScript",
        "resourceType": "Microsoft.Automation/automationAccounts/runbooks",
        "resourceName": "Prashant-AutomationAccount/AzureAutomationTutorialScript"
      },
      {
        "dependsOn": [
          {
            "id": "/subscriptions/c2397ac1-f8a2-4424-bb35-dc8c93c1a3c7/resourceGroups/Prashant-RG/providers/Microsoft.Automation/automationAccounts/Prashant-AutomationAccount",
            "resourceType": "Microsoft.Automation/automationAccounts",
            "resourceName": "Prashant-AutomationAccount"
          }
        ],
        "id": "/subscriptions/c2397ac1-f8a2-4424-bb35-dc8c93c1a3c7/resourceGroups/Prashant-RG/providers/Microsoft.Automation/automationAccounts/Prashant-AutomationAccount/runbooks/AzureAutomationTutorialPython2",
        "resourceType": "Microsoft.Automation/automationAccounts/runbooks",
        "resourceName": "Prashant-AutomationAccount/AzureAutomationTutorialPython2"
      }
    ],
    "outputResources": [
      {
        "id": "/subscriptions/c2397ac1-f8a2-4424-bb35-dc8c93c1a3c7/resourceGroups/Prashant-RG/providers/Microsoft.Automation/automationAccounts/Prashant-AutomationAccount"
      },
      {
        "id": "/subscriptions/c2397ac1-f8a2-4424-bb35-dc8c93c1a3c7/resourceGroups/Prashant-RG/providers/Microsoft.Automation/automationAccounts/Prashant-AutomationAccount/runbooks/AzureAutomationTutorial"
      },
      {
        "id": "/subscriptions/c2397ac1-f8a2-4424-bb35-dc8c93c1a3c7/resourceGroups/Prashant-RG/providers/Microsoft.Automation/automationAccounts/Prashant-AutomationAccount/runbooks/AzureAutomationTutorialPython2"
      },
      {
        "id": "/subscriptions/c2397ac1-f8a2-4424-bb35-dc8c93c1a3c7/resourceGroups/Prashant-RG/providers/Microsoft.Automation/automationAccounts/Prashant-AutomationAccount/runbooks/AzureAutomationTutorialScript"
      }
    ],
    "validationLevel": "Template"
  }
}